{"Arial, Helvetica, sans-serif":{"cat":"sans-serif","var":"regular;italic","sub":"latin,cyrillic-ext;latin-ext;cyrillic","type":"std"},
"'Arial Black', Gadget, sans-serif":{"cat":"sans-serif","var":"regular;italic","sub":"latin,cyrillic-ext;latin-ext;cyrillic","type":"std"},
"'Bookman Old Style', serif":{"cat":"serif","var":"regular;italic","sub":"latin,cyrillic-ext;latin-ext;cyrillic","type":"std"},
"'Comic Sans MS', cursive":{"cat":"handwriting","var":"regular;italic","sub":"latin,cyrillic-ext;latin-ext;cyrillic","type":"std"},
"Courier, monospace":{"cat":"monospace","var":"regular;italic","sub":"latin,cyrillic-ext;latin-ext;cyrillic","type":"std"},
"Garamond, serif":{"cat":"serif","var":"regular;italic","sub":"latin,cyrillic-ext;latin-ext;cyrillic","type":"std"},
"Georgia, serif":{"cat":"serif","var":"regular;italic","sub":"latin,cyrillic-ext;latin-ext;cyrillic","type":"std"},
"Impact, Charcoal, sans-serif":{"cat":"sans-serif","var":"regular;italic","sub":"latin,cyrillic-ext;latin-ext;cyrillic","type":"std"},
"'Lucida Console', Monaco, monospace":{"cat":"monospace","var":"regular;italic","sub":"latin,cyrillic-ext;latin-ext;cyrillic","type":"std"},
"'Lucida Sans Unicode', 'Lucida Grande', sans-serif":{"cat":"sans-serif","var":"regular;italic","sub":"latin,cyrillic-ext;latin-ext;cyrillic","type":"std"},
"'MS Sans Serif', Geneva, sans-serif":{"cat":"sans-serif","var":"regular;italic","sub":"latin,cyrillic-ext;latin-ext;cyrillic","type":"std"},
"'MS Serif', 'New York', sans-serif":{"cat":"sans-serif","var":"regular;italic","sub":"latin,cyrillic-ext;latin-ext;cyrillic","type":"std"},
"'Palatino Linotype', 'Book Antiqua', Palatino, serif":{"cat":"serif","var":"regular;italic","sub":"latin,cyrillic-ext;latin-ext;cyrillic","type":"std"},
"Tahoma,Geneva, sans-serif":{"cat":"sans-serif","var":"regular;italic","sub":"latin,cyrillic-ext;latin-ext;cyrillic","type":"std"},
"'Times New Roman', Times,serif":{"cat":"serif","var":"regular;italic","sub":"latin,cyrillic-ext;latin-ext;cyrillic","type":"std"},
"'Trebuchet MS', Helvetica, sans-serif":{"cat":"sans-serif","var":"regular;italic","sub":"latin,cyrillic-ext;latin-ext;cyrillic","type":"std"},
"Verdana, Geneva, sans-serif":{"cat":"sans-serif","var":"regular;italic","sub":"latin,cyrillic-ext;latin-ext;cyrillic","type":"std"},
"ABeeZee":{"cat":"sans-serif","var":"regular;italic","sub":"latin"},"Abel":{"cat":"sans-serif","var":"regular","sub":"latin"},"Abril Fatface":{"cat":"display","var":"regular","sub":"latin;latin-ext"},"Aclonica":{"cat":"sans-serif","var":"regular","sub":"latin"},"Acme":{"cat":"sans-serif","var":"regular","sub":"latin"},"Actor":{"cat":"sans-serif","var":"regular","sub":"latin"},"Adamina":{"cat":"serif","var":"regular","sub":"latin"},"Advent Pro":{"cat":"sans-serif","var":"100;200;300;regular;500;600;700","sub":"latin;greek;latin-ext"},"Aguafina Script":{"cat":"handwriting","var":"regular","sub":"latin;latin-ext"},"Akronim":{"cat":"display","var":"regular","sub":"latin;latin-ext"},"Aladin":{"cat":"handwriting","var":"regular","sub":"latin;latin-ext"},"Aldrich":{"cat":"sans-serif","var":"regular","sub":"latin"},"Alef":{"cat":"sans-serif","var":"regular;700","sub":"latin;hebrew"},"Alegreya":{"cat":"serif","var":"regular;italic;700;700italic;900;900italic","sub":"latin;latin-ext"},"Alegreya SC":{"cat":"serif","var":"regular;italic;700;700italic;900;900italic","sub":"latin;latin-ext"},"Alegreya Sans":{"cat":"sans-serif","var":"100;100italic;300;300italic;regular;italic;500;500italic;700;700italic;800;800italic;900;900italic","sub":"latin;vietnamese;latin-ext"},"Alegreya Sans SC":{"cat":"sans-serif","var":"100;100italic;300;300italic;regular;italic;500;500italic;700;700italic;800;800italic;900;900italic","sub":"latin;vietnamese;latin-ext"},"Alex Brush":{"cat":"handwriting","var":"regular","sub":"latin;latin-ext"},"Alfa Slab One":{"cat":"display","var":"regular","sub":"latin"},"Alice":{"cat":"serif","var":"regular","sub":"latin"},"Alike":{"cat":"serif","var":"regular","sub":"latin"},"Alike Angular":{"cat":"serif","var":"regular","sub":"latin"},"Allan":{"cat":"display","var":"regular;700","sub":"latin;latin-ext"},"Allerta":{"cat":"sans-serif","var":"regular","sub":"latin"},"Allerta Stencil":{"cat":"sans-serif","var":"regular","sub":"latin"},"Allura":{"cat":"handwriting","var":"regular","sub":"latin;latin-ext"},"Almendra":{"cat":"serif","var":"regular;italic;700;700italic","sub":"latin;latin-ext"},"Almendra Display":{"cat":"display","var":"regular","sub":"latin;latin-ext"},"Almendra SC":{"cat":"serif","var":"regular","sub":"latin"},"Amarante":{"cat":"display","var":"regular","sub":"latin;latin-ext"},"Amaranth":{"cat":"sans-serif","var":"regular;italic;700;700italic","sub":"latin"},"Amatic SC":{"cat":"handwriting","var":"regular;700","sub":"latin;latin-ext"},"Amethysta":{"cat":"serif","var":"regular","sub":"latin"},"Amiri":{"cat":"serif","var":"regular;italic;700;700italic","sub":"latin;arabic"},"Amita":{"cat":"handwriting","var":"regular;700","sub":"latin;devanagari;latin-ext"},"Anaheim":{"cat":"sans-serif","var":"regular","sub":"latin;latin-ext"},"Andada":{"cat":"serif","var":"regular","sub":"latin;latin-ext"},"Andika":{"cat":"sans-serif","var":"regular","sub":"latin;cyrillic-ext;latin-ext;cyrillic"},"Angkor":{"cat":"display","var":"regular","sub":"khmer"},"Annie Use Your Telescope":{"cat":"handwriting","var":"regular","sub":"latin"},"Anonymous Pro":{"cat":"monospace","var":"regular;italic;700;700italic","sub":"latin;greek;latin-ext;cyrillic"},"Antic":{"cat":"sans-serif","var":"regular","sub":"latin"},"Antic Didone":{"cat":"serif","var":"regular","sub":"latin"},"Antic Slab":{"cat":"serif","var":"regular","sub":"latin"},"Anton":{"cat":"sans-serif","var":"regular","sub":"latin;latin-ext"},"Arapey":{"cat":"serif","var":"regular;italic","sub":"latin"},"Arbutus":{"cat":"display","var":"regular","sub":"latin;latin-ext"},"Arbutus Slab":{"cat":"serif","var":"regular","sub":"latin;latin-ext"},"Architects Daughter":{"cat":"handwriting","var":"regular","sub":"latin"},"Archivo Black":{"cat":"sans-serif","var":"regular","sub":"latin;latin-ext"},"Archivo Narrow":{"cat":"sans-serif","var":"regular;italic;700;700italic","sub":"latin;latin-ext"},"Arimo":{"cat":"sans-serif","var":"regular;italic;700;700italic","sub":"latin;vietnamese;greek-ext;cyrillic-ext;greek;latin-ext;hebrew;cyrillic"},"Arizonia":{"cat":"handwriting","var":"regular","sub":"latin;latin-ext"},"Armata":{"cat":"sans-serif","var":"regular","sub":"latin;latin-ext"},"Artifika":{"cat":"serif","var":"regular","sub":"latin"},"Arvo":{"cat":"serif","var":"regular;italic;700;700italic","sub":"latin"},"Arya":{"cat":"sans-serif","var":"regular;700","sub":"latin;devanagari;latin-ext"},"Asap":{"cat":"sans-serif","var":"regular;italic;700;700italic","sub":"latin;latin-ext"},"Asar":{"cat":"serif","var":"regular","sub":"latin;devanagari;latin-ext"},"Asset":{"cat":"display","var":"regular","sub":"latin"},"Astloch":{"cat":"display","var":"regular;700","sub":"latin"},"Asul":{"cat":"sans-serif","var":"regular;700","sub":"latin"},"Atomic Age":{"cat":"display","var":"regular","sub":"latin"},"Aubrey":{"cat":"display","var":"regular","sub":"latin"},"Audiowide":{"cat":"display","var":"regular","sub":"latin;latin-ext"},"Autour One":{"cat":"display","var":"regular","sub":"latin;latin-ext"},"Average":{"cat":"serif","var":"regular","sub":"latin;latin-ext"},"Average Sans":{"cat":"sans-serif","var":"regular","sub":"latin;latin-ext"},"Averia Gruesa Libre":{"cat":"display","var":"regular","sub":"latin;latin-ext"},"Averia Libre":{"cat":"display","var":"300;300italic;regular;italic;700;700italic","sub":"latin"},"Averia Sans Libre":{"cat":"display","var":"300;300italic;regular;italic;700;700italic","sub":"latin"},"Averia Serif Libre":{"cat":"display","var":"300;300italic;regular;italic;700;700italic","sub":"latin"},"Bad Script":{"cat":"handwriting","var":"regular","sub":"latin;cyrillic"},"Balthazar":{"cat":"serif","var":"regular","sub":"latin"},"Bangers":{"cat":"display","var":"regular","sub":"latin"},"Basic":{"cat":"sans-serif","var":"regular","sub":"latin;latin-ext"},"Battambang":{"cat":"display","var":"regular;700","sub":"khmer"},"Baumans":{"cat":"display","var":"regular","sub":"latin"},"Bayon":{"cat":"display","var":"regular","sub":"khmer"},"Belgrano":{"cat":"serif","var":"regular","sub":"latin"},"Belleza":{"cat":"sans-serif","var":"regular","sub":"latin;latin-ext"},"BenchNine":{"cat":"sans-serif","var":"300;regular;700","sub":"latin;latin-ext"},"Bentham":{"cat":"serif","var":"regular","sub":"latin"},"Berkshire Swash":{"cat":"handwriting","var":"regular","sub":"latin;latin-ext"},"Bevan":{"cat":"display","var":"regular","sub":"latin"},"Bigelow Rules":{"cat":"display","var":"regular","sub":"latin;latin-ext"},"Bigshot One":{"cat":"display","var":"regular","sub":"latin"},"Bilbo":{"cat":"handwriting","var":"regular","sub":"latin;latin-ext"},"Bilbo Swash Caps":{"cat":"handwriting","var":"regular","sub":"latin;latin-ext"},"Biryani":{"cat":"sans-serif","var":"200;300;regular;600;700;800;900","sub":"latin;devanagari;latin-ext"},"Bitter":{"cat":"serif","var":"regular;italic;700","sub":"latin;latin-ext"},"Black Ops One":{"cat":"display","var":"regular","sub":"latin;latin-ext"},"Bokor":{"cat":"display","var":"regular","sub":"khmer"},"Bonbon":{"cat":"handwriting","var":"regular","sub":"latin"},"Boogaloo":{"cat":"display","var":"regular","sub":"latin"},"Bowlby One":{"cat":"display","var":"regular","sub":"latin"},"Bowlby One SC":{"cat":"display","var":"regular","sub":"latin;latin-ext"},"Brawler":{"cat":"serif","var":"regular","sub":"latin"},"Bree Serif":{"cat":"serif","var":"regular","sub":"latin;latin-ext"},"Bubblegum Sans":{"cat":"display","var":"regular","sub":"latin;latin-ext"},"Bubbler One":{"cat":"sans-serif","var":"regular","sub":"latin;latin-ext"},"Buda":{"cat":"display","var":"300","sub":"latin"},"Buenard":{"cat":"serif","var":"regular;700","sub":"latin;latin-ext"},"Butcherman":{"cat":"display","var":"regular","sub":"latin;latin-ext"},"Butterfly Kids":{"cat":"handwriting","var":"regular","sub":"latin;latin-ext"},"Cabin":{"cat":"sans-serif","var":"regular;italic;500;500italic;600;600italic;700;700italic","sub":"latin"},"Cabin Condensed":{"cat":"sans-serif","var":"regular;500;600;700","sub":"latin"},"Cabin Sketch":{"cat":"display","var":"regular;700","sub":"latin"},"Caesar Dressing":{"cat":"display","var":"regular","sub":"latin"},"Cagliostro":{"cat":"sans-serif","var":"regular","sub":"latin"},"Calligraffitti":{"cat":"handwriting","var":"regular","sub":"latin"},"Cambay":{"cat":"sans-serif","var":"regular;italic;700;700italic","sub":"latin;devanagari;latin-ext"},"Cambo":{"cat":"serif","var":"regular","sub":"latin"},"Candal":{"cat":"sans-serif","var":"regular","sub":"latin"},"Cantarell":{"cat":"sans-serif","var":"regular;italic;700;700italic","sub":"latin"},"Cantata One":{"cat":"serif","var":"regular","sub":"latin;latin-ext"},"Cantora One":{"cat":"sans-serif","var":"regular","sub":"latin;latin-ext"},"Capriola":{"cat":"sans-serif","var":"regular","sub":"latin;latin-ext"},"Cardo":{"cat":"serif","var":"regular;italic;700","sub":"latin;greek-ext;greek;latin-ext"},"Carme":{"cat":"sans-serif","var":"regular","sub":"latin"},"Carrois Gothic":{"cat":"sans-serif","var":"regular","sub":"latin"},"Carrois Gothic SC":{"cat":"sans-serif","var":"regular","sub":"latin"},"Carter One":{"cat":"display","var":"regular","sub":"latin"},"Catamaran":{"cat":"sans-serif","var":"100;200;300;regular;500;600;700;800;900","sub":"latin;latin-ext;tamil"},"Caudex":{"cat":"serif","var":"regular;italic;700;700italic","sub":"latin;greek-ext;greek;latin-ext"},"Caveat":{"cat":"handwriting","var":"regular;700","sub":"latin;latin-ext"},"Caveat Brush":{"cat":"handwriting","var":"regular","sub":"latin;latin-ext"},"Cedarville Cursive":{"cat":"handwriting","var":"regular","sub":"latin"},"Ceviche One":{"cat":"display","var":"regular","sub":"latin"},"Changa One":{"cat":"display","var":"regular;italic","sub":"latin"},"Chango":{"cat":"display","var":"regular","sub":"latin;latin-ext"},"Chau Philomene One":{"cat":"sans-serif","var":"regular;italic","sub":"latin;latin-ext"},"Chela One":{"cat":"display","var":"regular","sub":"latin;latin-ext"},"Chelsea Market":{"cat":"display","var":"regular","sub":"latin;latin-ext"},"Chenla":{"cat":"display","var":"regular","sub":"khmer"},"Cherry Cream Soda":{"cat":"display","var":"regular","sub":"latin"},"Cherry Swash":{"cat":"display","var":"regular;700","sub":"latin;latin-ext"},"Chewy":{"cat":"display","var":"regular","sub":"latin"},"Chicle":{"cat":"display","var":"regular","sub":"latin;latin-ext"},"Chivo":{"cat":"sans-serif","var":"regular;italic;900;900italic","sub":"latin"},"Chonburi":{"cat":"display","var":"regular","sub":"latin;vietnamese;latin-ext;thai"},"Cinzel":{"cat":"serif","var":"regular;700;900","sub":"latin"},"Cinzel Decorative":{"cat":"display","var":"regular;700;900","sub":"latin"},"Clicker Script":{"cat":"handwriting","var":"regular","sub":"latin;latin-ext"},"Coda":{"cat":"display","var":"regular;800","sub":"latin;latin-ext"},"Coda Caption":{"cat":"sans-serif","var":"800","sub":"latin;latin-ext"},"Codystar":{"cat":"display","var":"300;regular","sub":"latin;latin-ext"},"Combo":{"cat":"display","var":"regular","sub":"latin;latin-ext"},"Comfortaa":{"cat":"display","var":"300;regular;700","sub":"latin;cyrillic-ext;greek;latin-ext;cyrillic"},"Coming Soon":{"cat":"handwriting","var":"regular","sub":"latin"},"Concert One":{"cat":"display","var":"regular","sub":"latin;latin-ext"},"Condiment":{"cat":"handwriting","var":"regular","sub":"latin;latin-ext"},"Content":{"cat":"display","var":"regular;700","sub":"khmer"},"Contrail One":{"cat":"display","var":"regular","sub":"latin"},"Convergence":{"cat":"sans-serif","var":"regular","sub":"latin"},"Cookie":{"cat":"handwriting","var":"regular","sub":"latin"},"Copse":{"cat":"serif","var":"regular","sub":"latin"},"Corben":{"cat":"display","var":"regular;700","sub":"latin;latin-ext"},"Courgette":{"cat":"handwriting","var":"regular","sub":"latin;latin-ext"},"Cousine":{"cat":"monospace","var":"regular;italic;700;700italic","sub":"latin;vietnamese;greek-ext;cyrillic-ext;greek;latin-ext;hebrew;cyrillic"},"Coustard":{"cat":"serif","var":"regular;900","sub":"latin"},"Covered By Your Grace":{"cat":"handwriting","var":"regular","sub":"latin"},"Crafty Girls":{"cat":"handwriting","var":"regular","sub":"latin"},"Creepster":{"cat":"display","var":"regular","sub":"latin"},"Crete Round":{"cat":"serif","var":"regular;italic","sub":"latin;latin-ext"},"Crimson Text":{"cat":"serif","var":"regular;italic;600;600italic;700;700italic","sub":"latin"},"Croissant One":{"cat":"display","var":"regular","sub":"latin;latin-ext"},"Crushed":{"cat":"display","var":"regular","sub":"latin"},"Cuprum":{"cat":"sans-serif","var":"regular;italic;700;700italic","sub":"latin;latin-ext;cyrillic"},"Cutive":{"cat":"serif","var":"regular","sub":"latin;latin-ext"},"Cutive Mono":{"cat":"monospace","var":"regular","sub":"latin;latin-ext"},"Damion":{"cat":"handwriting","var":"regular","sub":"latin"},"Dancing Script":{"cat":"handwriting","var":"regular;700","sub":"latin"},"Dangrek":{"cat":"display","var":"regular","sub":"khmer"},"Dawning of a New Day":{"cat":"handwriting","var":"regular","sub":"latin"},"Days One":{"cat":"sans-serif","var":"regular","sub":"latin"},"Dekko":{"cat":"handwriting","var":"regular","sub":"latin;devanagari;latin-ext"},"Delius":{"cat":"handwriting","var":"regular","sub":"latin"},"Delius Swash Caps":{"cat":"handwriting","var":"regular","sub":"latin"},"Delius Unicase":{"cat":"handwriting","var":"regular;700","sub":"latin"},"Della Respira":{"cat":"serif","var":"regular","sub":"latin"},"Denk One":{"cat":"sans-serif","var":"regular","sub":"latin;latin-ext"},"Devonshire":{"cat":"handwriting","var":"regular","sub":"latin;latin-ext"},"Dhurjati":{"cat":"sans-serif","var":"regular","sub":"latin;telugu"},"Didact Gothic":{"cat":"sans-serif","var":"regular","sub":"latin;greek-ext;cyrillic-ext;greek;latin-ext;cyrillic"},"Diplomata":{"cat":"display","var":"regular","sub":"latin;latin-ext"},"Diplomata SC":{"cat":"display","var":"regular","sub":"latin;latin-ext"},"Domine":{"cat":"serif","var":"regular;700","sub":"latin;latin-ext"},"Donegal One":{"cat":"serif","var":"regular","sub":"latin;latin-ext"},"Doppio One":{"cat":"sans-serif","var":"regular","sub":"latin;latin-ext"},"Dorsa":{"cat":"sans-serif","var":"regular","sub":"latin"},"Dosis":{"cat":"sans-serif","var":"200;300;regular;500;600;700;800","sub":"latin;latin-ext"},"Dr Sugiyama":{"cat":"handwriting","var":"regular","sub":"latin;latin-ext"},"Droid Sans":{"cat":"sans-serif","var":"regular;700","sub":"latin"},"Droid Sans Mono":{"cat":"monospace","var":"regular","sub":"latin"},"Droid Serif":{"cat":"serif","var":"regular;italic;700;700italic","sub":"latin"},"Duru Sans":{"cat":"sans-serif","var":"regular","sub":"latin;latin-ext"},"Dynalight":{"cat":"display","var":"regular","sub":"latin;latin-ext"},"EB Garamond":{"cat":"serif","var":"regular","sub":"latin;vietnamese;cyrillic-ext;latin-ext;cyrillic"},"Eagle Lake":{"cat":"handwriting","var":"regular","sub":"latin;latin-ext"},"Eater":{"cat":"display","var":"regular","sub":"latin;latin-ext"},"Economica":{"cat":"sans-serif","var":"regular;italic;700;700italic","sub":"latin;latin-ext"},"Eczar":{"cat":"serif","var":"regular;500;600;700;800","sub":"latin;devanagari;latin-ext"},"Ek Mukta":{"cat":"sans-serif","var":"200;300;regular;500;600;700;800","sub":"latin;devanagari;latin-ext"},"Electrolize":{"cat":"sans-serif","var":"regular","sub":"latin"},"Elsie":{"cat":"display","var":"regular;900","sub":"latin;latin-ext"},"Elsie Swash Caps":{"cat":"display","var":"regular;900","sub":"latin;latin-ext"},"Emblema One":{"cat":"display","var":"regular","sub":"latin;latin-ext"},"Emilys Candy":{"cat":"display","var":"regular","sub":"latin;latin-ext"},"Engagement":{"cat":"handwriting","var":"regular","sub":"latin"},"Englebert":{"cat":"sans-serif","var":"regular","sub":"latin;latin-ext"},"Enriqueta":{"cat":"serif","var":"regular;700","sub":"latin;latin-ext"},"Erica One":{"cat":"display","var":"regular","sub":"latin"},"Esteban":{"cat":"serif","var":"regular","sub":"latin;latin-ext"},"Euphoria Script":{"cat":"handwriting","var":"regular","sub":"latin;latin-ext"},"Ewert":{"cat":"display","var":"regular","sub":"latin;latin-ext"},"Exo":{"cat":"sans-serif","var":"100;100italic;200;200italic;300;300italic;regular;italic;500;500italic;600;600italic;700;700italic;800;800italic;900;900italic","sub":"latin;latin-ext"},"Exo 2":{"cat":"sans-serif","var":"100;100italic;200;200italic;300;300italic;regular;italic;500;500italic;600;600italic;700;700italic;800;800italic;900;900italic","sub":"latin;latin-ext;cyrillic"},"Expletus Sans":{"cat":"display","var":"regular;italic;500;500italic;600;600italic;700;700italic","sub":"latin"},"Fanwood Text":{"cat":"serif","var":"regular;italic","sub":"latin"},"Fascinate":{"cat":"display","var":"regular","sub":"latin"},"Fascinate Inline":{"cat":"display","var":"regular","sub":"latin"},"Faster One":{"cat":"display","var":"regular","sub":"latin"},"Fasthand":{"cat":"serif","var":"regular","sub":"khmer"},"Fauna One":{"cat":"serif","var":"regular","sub":"latin;latin-ext"},"Federant":{"cat":"display","var":"regular","sub":"latin"},"Federo":{"cat":"sans-serif","var":"regular","sub":"latin"},"Felipa":{"cat":"handwriting","var":"regular","sub":"latin;latin-ext"},"Fenix":{"cat":"serif","var":"regular","sub":"latin;latin-ext"},"Finger Paint":{"cat":"display","var":"regular","sub":"latin"},"Fira Mono":{"cat":"monospace","var":"regular;700","sub":"latin;cyrillic-ext;greek;latin-ext;cyrillic"},"Fira Sans":{"cat":"sans-serif","var":"300;300italic;regular;italic;500;500italic;700;700italic","sub":"latin;cyrillic-ext;greek;latin-ext;cyrillic"},"Fjalla One":{"cat":"sans-serif","var":"regular","sub":"latin;latin-ext"},"Fjord One":{"cat":"serif","var":"regular","sub":"latin"},"Flamenco":{"cat":"display","var":"300;regular","sub":"latin"},"Flavors":{"cat":"display","var":"regular","sub":"latin"},"Fondamento":{"cat":"handwriting","var":"regular;italic","sub":"latin;latin-ext"},"Fontdiner Swanky":{"cat":"display","var":"regular","sub":"latin"},"Forum":{"cat":"display","var":"regular","sub":"latin;cyrillic-ext;latin-ext;cyrillic"},"Francois One":{"cat":"sans-serif","var":"regular","sub":"latin;latin-ext"},"Freckle Face":{"cat":"display","var":"regular","sub":"latin;latin-ext"},"Fredericka the Great":{"cat":"display","var":"regular","sub":"latin"},"Fredoka One":{"cat":"display","var":"regular","sub":"latin"},"Freehand":{"cat":"display","var":"regular","sub":"khmer"},"Fresca":{"cat":"sans-serif","var":"regular","sub":"latin;latin-ext"},"Frijole":{"cat":"display","var":"regular","sub":"latin"},"Fruktur":{"cat":"display","var":"regular","sub":"latin;latin-ext"},"Fugaz One":{"cat":"display","var":"regular","sub":"latin"},"GFS Didot":{"cat":"serif","var":"regular","sub":"greek"},"GFS Neohellenic":{"cat":"sans-serif","var":"regular;italic;700;700italic","sub":"greek"},"Gabriela":{"cat":"serif","var":"regular","sub":"latin;latin-ext"},"Gafata":{"cat":"sans-serif","var":"regular","sub":"latin;latin-ext"},"Galdeano":{"cat":"sans-serif","var":"regular","sub":"latin"},"Galindo":{"cat":"display","var":"regular","sub":"latin;latin-ext"},"Gentium Basic":{"cat":"serif","var":"regular;italic;700;700italic","sub":"latin;latin-ext"},"Gentium Book Basic":{"cat":"serif","var":"regular;italic;700;700italic","sub":"latin;latin-ext"},"Geo":{"cat":"sans-serif","var":"regular;italic","sub":"latin"},"Geostar":{"cat":"display","var":"regular","sub":"latin"},"Geostar Fill":{"cat":"display","var":"regular","sub":"latin"},"Germania One":{"cat":"display","var":"regular","sub":"latin"},"Gidugu":{"cat":"sans-serif","var":"regular","sub":"latin;telugu"},"Gilda Display":{"cat":"serif","var":"regular","sub":"latin;latin-ext"},"Give You Glory":{"cat":"handwriting","var":"regular","sub":"latin"},"Glass Antiqua":{"cat":"display","var":"regular","sub":"latin;latin-ext"},"Glegoo":{"cat":"serif","var":"regular;700","sub":"latin;devanagari;latin-ext"},"Gloria Hallelujah":{"cat":"handwriting","var":"regular","sub":"latin"},"Goblin One":{"cat":"display","var":"regular","sub":"latin"},"Gochi Hand":{"cat":"handwriting","var":"regular","sub":"latin"},"Gorditas":{"cat":"display","var":"regular;700","sub":"latin"},"Goudy Bookletter 1911":{"cat":"serif","var":"regular","sub":"latin"},"Graduate":{"cat":"display","var":"regular","sub":"latin"},"Grand Hotel":{"cat":"handwriting","var":"regular","sub":"latin;latin-ext"},"Gravitas One":{"cat":"display","var":"regular","sub":"latin"},"Great Vibes":{"cat":"handwriting","var":"regular","sub":"latin;latin-ext"},"Griffy":{"cat":"display","var":"regular","sub":"latin;latin-ext"},"Gruppo":{"cat":"display","var":"regular","sub":"latin;latin-ext"},"Gudea":{"cat":"sans-serif","var":"regular;italic;700","sub":"latin;latin-ext"},"Gurajada":{"cat":"serif","var":"regular","sub":"latin;telugu"},"Habibi":{"cat":"serif","var":"regular","sub":"latin;latin-ext"},"Halant":{"cat":"serif","var":"300;regular;500;600;700","sub":"latin;devanagari;latin-ext"},"Hammersmith One":{"cat":"sans-serif","var":"regular","sub":"latin;latin-ext"},"Hanalei":{"cat":"display","var":"regular","sub":"latin;latin-ext"},"Hanalei Fill":{"cat":"display","var":"regular","sub":"latin;latin-ext"},"Handlee":{"cat":"handwriting","var":"regular","sub":"latin"},"Hanuman":{"cat":"serif","var":"regular;700","sub":"khmer"},"Happy Monkey":{"cat":"display","var":"regular","sub":"latin;latin-ext"},"Headland One":{"cat":"serif","var":"regular","sub":"latin;latin-ext"},"Henny Penny":{"cat":"display","var":"regular","sub":"latin"},"Herr Von Muellerhoff":{"cat":"handwriting","var":"regular","sub":"latin;latin-ext"},"Hind":{"cat":"sans-serif","var":"300;regular;500;600;700","sub":"latin;devanagari;latin-ext"},"Hind Siliguri":{"cat":"sans-serif","var":"300;regular;500;600;700","sub":"latin;latin-ext;bengali"},"Hind Vadodara":{"cat":"sans-serif","var":"300;regular;500;600;700","sub":"latin;latin-ext;gujarati"},"Holtwood One SC":{"cat":"serif","var":"regular","sub":"latin"},"Homemade Apple":{"cat":"handwriting","var":"regular","sub":"latin"},"Homenaje":{"cat":"sans-serif","var":"regular","sub":"latin;latin-ext"},"IM Fell DW Pica":{"cat":"serif","var":"regular;italic","sub":"latin"},"IM Fell DW Pica SC":{"cat":"serif","var":"regular","sub":"latin"},"IM Fell Double Pica":{"cat":"serif","var":"regular;italic","sub":"latin"},"IM Fell Double Pica SC":{"cat":"serif","var":"regular","sub":"latin"},"IM Fell English":{"cat":"serif","var":"regular;italic","sub":"latin"},"IM Fell English SC":{"cat":"serif","var":"regular","sub":"latin"},"IM Fell French Canon":{"cat":"serif","var":"regular;italic","sub":"latin"},"IM Fell French Canon SC":{"cat":"serif","var":"regular","sub":"latin"},"IM Fell Great Primer":{"cat":"serif","var":"regular;italic","sub":"latin"},"IM Fell Great Primer SC":{"cat":"serif","var":"regular","sub":"latin"},"Iceberg":{"cat":"display","var":"regular","sub":"latin"},"Iceland":{"cat":"display","var":"regular","sub":"latin"},"Imprima":{"cat":"sans-serif","var":"regular","sub":"latin;latin-ext"},"Inconsolata":{"cat":"monospace","var":"regular;700","sub":"latin;latin-ext"},"Inder":{"cat":"sans-serif","var":"regular","sub":"latin;latin-ext"},"Indie Flower":{"cat":"handwriting","var":"regular","sub":"latin"},"Inika":{"cat":"serif","var":"regular;700","sub":"latin;latin-ext"},"Inknut Antiqua":{"cat":"serif","var":"300;regular;500;600;700;800;900","sub":"latin;devanagari;latin-ext"},"Irish Grover":{"cat":"display","var":"regular","sub":"latin"},"Istok Web":{"cat":"sans-serif","var":"regular;italic;700;700italic","sub":"latin;cyrillic-ext;latin-ext;cyrillic"},"Italiana":{"cat":"serif","var":"regular","sub":"latin"},"Italianno":{"cat":"handwriting","var":"regular","sub":"latin;latin-ext"},"Itim":{"cat":"handwriting","var":"regular","sub":"latin;vietnamese;latin-ext;thai"},"Jacques Francois":{"cat":"serif","var":"regular","sub":"latin"},"Jacques Francois Shadow":{"cat":"display","var":"regular","sub":"latin"},"Jaldi":{"cat":"sans-serif","var":"regular;700","sub":"latin;devanagari;latin-ext"},"Jim Nightshade":{"cat":"handwriting","var":"regular","sub":"latin;latin-ext"},"Jockey One":{"cat":"sans-serif","var":"regular","sub":"latin;latin-ext"},"Jolly Lodger":{"cat":"display","var":"regular","sub":"latin;latin-ext"},"Josefin Sans":{"cat":"sans-serif","var":"100;100italic;300;300italic;regular;italic;600;600italic;700;700italic","sub":"latin;latin-ext"},"Josefin Slab":{"cat":"serif","var":"100;100italic;300;300italic;regular;italic;600;600italic;700;700italic","sub":"latin"},"Joti One":{"cat":"display","var":"regular","sub":"latin;latin-ext"},"Judson":{"cat":"serif","var":"regular;italic;700","sub":"latin;vietnamese;latin-ext"},"Julee":{"cat":"handwriting","var":"regular","sub":"latin"},"Julius Sans One":{"cat":"sans-serif","var":"regular","sub":"latin;latin-ext"},"Junge":{"cat":"serif","var":"regular","sub":"latin"},"Jura":{"cat":"sans-serif","var":"300;regular;500;600","sub":"latin;cyrillic-ext;greek;latin-ext;cyrillic"},"Just Another Hand":{"cat":"handwriting","var":"regular","sub":"latin"},"Just Me Again Down Here":{"cat":"handwriting","var":"regular","sub":"latin;latin-ext"},"Kadwa":{"cat":"serif","var":"regular;700","sub":"latin;devanagari"},"Kalam":{"cat":"handwriting","var":"300;regular;700","sub":"latin;devanagari;latin-ext"},"Kameron":{"cat":"serif","var":"regular;700","sub":"latin"},"Kanit":{"cat":"sans-serif","var":"100;100italic;200;200italic;300;300italic;regular;italic;500;500italic;600;600italic;700;700italic;800;800italic;900;900italic","sub":"latin;vietnamese;latin-ext;thai"},"Kantumruy":{"cat":"sans-serif","var":"300;regular;700","sub":"khmer"},"Karla":{"cat":"sans-serif","var":"regular;italic;700;700italic","sub":"latin;latin-ext"},"Karma":{"cat":"serif","var":"300;regular;500;600;700","sub":"latin;devanagari;latin-ext"},"Kaushan Script":{"cat":"handwriting","var":"regular","sub":"latin;latin-ext"},"Kavoon":{"cat":"display","var":"regular","sub":"latin;latin-ext"},"Kdam Thmor":{"cat":"display","var":"regular","sub":"khmer"},"Keania One":{"cat":"display","var":"regular","sub":"latin;latin-ext"},"Kelly Slab":{"cat":"display","var":"regular","sub":"latin;latin-ext;cyrillic"},"Kenia":{"cat":"display","var":"regular","sub":"latin"},"Khand":{"cat":"sans-serif","var":"300;regular;500;600;700","sub":"latin;devanagari;latin-ext"},"Khmer":{"cat":"display","var":"regular","sub":"khmer"},"Khula":{"cat":"sans-serif","var":"300;regular;600;700;800","sub":"latin;devanagari;latin-ext"},"Kite One":{"cat":"sans-serif","var":"regular","sub":"latin"},"Knewave":{"cat":"display","var":"regular","sub":"latin;latin-ext"},"Kotta One":{"cat":"serif","var":"regular","sub":"latin;latin-ext"},"Koulen":{"cat":"display","var":"regular","sub":"khmer"},"Kranky":{"cat":"display","var":"regular","sub":"latin"},"Kreon":{"cat":"serif","var":"300;regular;700","sub":"latin"},"Kristi":{"cat":"handwriting","var":"regular","sub":"latin"},"Krona One":{"cat":"sans-serif","var":"regular","sub":"latin;latin-ext"},"Kurale":{"cat":"serif","var":"regular","sub":"latin;devanagari;latin-ext;cyrillic"},"La Belle Aurore":{"cat":"handwriting","var":"regular","sub":"latin"},"Laila":{"cat":"serif","var":"300;regular;500;600;700","sub":"latin;devanagari;latin-ext"},"Lakki Reddy":{"cat":"handwriting","var":"regular","sub":"latin;telugu"},"Lancelot":{"cat":"display","var":"regular","sub":"latin;latin-ext"},"Lateef":{"cat":"handwriting","var":"regular","sub":"latin;arabic"},"Lato":{"cat":"sans-serif","var":"100;100italic;300;300italic;regular;italic;700;700italic;900;900italic","sub":"latin;latin-ext"},"League Script":{"cat":"handwriting","var":"regular","sub":"latin"},"Leckerli One":{"cat":"handwriting","var":"regular","sub":"latin"},"Ledger":{"cat":"serif","var":"regular","sub":"latin;latin-ext;cyrillic"},"Lekton":{"cat":"sans-serif","var":"regular;italic;700","sub":"latin;latin-ext"},"Lemon":{"cat":"display","var":"regular","sub":"latin"},"Libre Baskerville":{"cat":"serif","var":"regular;italic;700","sub":"latin;latin-ext"},"Life Savers":{"cat":"display","var":"regular;700","sub":"latin;latin-ext"},"Lilita One":{"cat":"display","var":"regular","sub":"latin;latin-ext"},"Lily Script One":{"cat":"display","var":"regular","sub":"latin;latin-ext"},"Limelight":{"cat":"display","var":"regular","sub":"latin;latin-ext"},"Linden Hill":{"cat":"serif","var":"regular;italic","sub":"latin"},"Lobster":{"cat":"display","var":"regular","sub":"latin;vietnamese;latin-ext;cyrillic"},"Lobster Two":{"cat":"display","var":"regular;italic;700;700italic","sub":"latin"},"Londrina Outline":{"cat":"display","var":"regular","sub":"latin"},"Londrina Shadow":{"cat":"display","var":"regular","sub":"latin"},"Londrina Sketch":{"cat":"display","var":"regular","sub":"latin"},"Londrina Solid":{"cat":"display","var":"regular","sub":"latin"},"Lora":{"cat":"serif","var":"regular;italic;700;700italic","sub":"latin;latin-ext;cyrillic"},"Love Ya Like A Sister":{"cat":"display","var":"regular","sub":"latin"},"Loved by the King":{"cat":"handwriting","var":"regular","sub":"latin"},"Lovers Quarrel":{"cat":"handwriting","var":"regular","sub":"latin;latin-ext"},"Luckiest Guy":{"cat":"display","var":"regular","sub":"latin"},"Lusitana":{"cat":"serif","var":"regular;700","sub":"latin"},"Lustria":{"cat":"serif","var":"regular","sub":"latin"},"Macondo":{"cat":"display","var":"regular","sub":"latin"},"Macondo Swash Caps":{"cat":"display","var":"regular","sub":"latin"},"Magra":{"cat":"sans-serif","var":"regular;700","sub":"latin;latin-ext"},"Maiden Orange":{"cat":"display","var":"regular","sub":"latin"},"Mako":{"cat":"sans-serif","var":"regular","sub":"latin"},"Mallanna":{"cat":"sans-serif","var":"regular","sub":"latin;telugu"},"Mandali":{"cat":"sans-serif","var":"regular","sub":"latin;telugu"},"Marcellus":{"cat":"serif","var":"regular","sub":"latin;latin-ext"},"Marcellus SC":{"cat":"serif","var":"regular","sub":"latin;latin-ext"},"Marck Script":{"cat":"handwriting","var":"regular","sub":"latin;latin-ext;cyrillic"},"Margarine":{"cat":"display","var":"regular","sub":"latin;latin-ext"},"Marko One":{"cat":"serif","var":"regular","sub":"latin"},"Marmelad":{"cat":"sans-serif","var":"regular","sub":"latin;latin-ext;cyrillic"},"Martel":{"cat":"serif","var":"200;300;regular;600;700;800;900","sub":"latin;devanagari;latin-ext"},"Martel Sans":{"cat":"sans-serif","var":"200;300;regular;600;700;800;900","sub":"latin;devanagari;latin-ext"},"Marvel":{"cat":"sans-serif","var":"regular;italic;700;700italic","sub":"latin"},"Mate":{"cat":"serif","var":"regular;italic","sub":"latin"},"Mate SC":{"cat":"serif","var":"regular","sub":"latin"},"Maven Pro":{"cat":"sans-serif","var":"regular;500;700;900","sub":"latin"},"McLaren":{"cat":"display","var":"regular","sub":"latin;latin-ext"},"Meddon":{"cat":"handwriting","var":"regular","sub":"latin"},"MedievalSharp":{"cat":"display","var":"regular","sub":"latin;latin-ext"},"Medula One":{"cat":"display","var":"regular","sub":"latin"},"Megrim":{"cat":"display","var":"regular","sub":"latin"},"Meie Script":{"cat":"handwriting","var":"regular","sub":"latin;latin-ext"},"Merienda":{"cat":"handwriting","var":"regular;700","sub":"latin;latin-ext"},"Merienda One":{"cat":"handwriting","var":"regular","sub":"latin"},"Merriweather":{"cat":"serif","var":"300;300italic;regular;italic;700;700italic;900;900italic","sub":"latin;latin-ext"},"Merriweather Sans":{"cat":"sans-serif","var":"300;300italic;regular;italic;700;700italic;800;800italic","sub":"latin;latin-ext"},"Metal":{"cat":"display","var":"regular","sub":"khmer"},"Metal Mania":{"cat":"display","var":"regular","sub":"latin;latin-ext"},"Metamorphous":{"cat":"display","var":"regular","sub":"latin;latin-ext"},"Metrophobic":{"cat":"sans-serif","var":"regular","sub":"latin"},"Michroma":{"cat":"sans-serif","var":"regular","sub":"latin"},"Milonga":{"cat":"display","var":"regular","sub":"latin;latin-ext"},"Miltonian":{"cat":"display","var":"regular","sub":"latin"},"Miltonian Tattoo":{"cat":"display","var":"regular","sub":"latin"},"Miniver":{"cat":"display","var":"regular","sub":"latin"},"Miss Fajardose":{"cat":"handwriting","var":"regular","sub":"latin;latin-ext"},"Modak":{"cat":"display","var":"regular","sub":"latin;devanagari;latin-ext"},"Modern Antiqua":{"cat":"display","var":"regular","sub":"latin;latin-ext"},"Molengo":{"cat":"sans-serif","var":"regular","sub":"latin;latin-ext"},"Molle":{"cat":"handwriting","var":"italic","sub":"latin;latin-ext"},"Monda":{"cat":"sans-serif","var":"regular;700","sub":"latin;latin-ext"},"Monofett":{"cat":"display","var":"regular","sub":"latin"},"Monoton":{"cat":"display","var":"regular","sub":"latin"},"Monsieur La Doulaise":{"cat":"handwriting","var":"regular","sub":"latin;latin-ext"},"Montaga":{"cat":"serif","var":"regular","sub":"latin"},"Montez":{"cat":"handwriting","var":"regular","sub":"latin"},"Montserrat":{"cat":"sans-serif","var":"regular;700","sub":"latin"},"Montserrat Alternates":{"cat":"sans-serif","var":"regular;700","sub":"latin"},"Montserrat Subrayada":{"cat":"sans-serif","var":"regular;700","sub":"latin"},"Moul":{"cat":"display","var":"regular","sub":"khmer"},"Moulpali":{"cat":"display","var":"regular","sub":"khmer"},"Mountains of Christmas":{"cat":"display","var":"regular;700","sub":"latin"},"Mouse Memoirs":{"cat":"sans-serif","var":"regular","sub":"latin;latin-ext"},"Mr Bedfort":{"cat":"handwriting","var":"regular","sub":"latin;latin-ext"},"Mr Dafoe":{"cat":"handwriting","var":"regular","sub":"latin;latin-ext"},"Mr De Haviland":{"cat":"handwriting","var":"regular","sub":"latin;latin-ext"},"Mrs Saint Delafield":{"cat":"handwriting","var":"regular","sub":"latin;latin-ext"},"Mrs Sheppards":{"cat":"handwriting","var":"regular","sub":"latin;latin-ext"},"Muli":{"cat":"sans-serif","var":"300;300italic;regular;italic","sub":"latin"},"Mystery Quest":{"cat":"display","var":"regular","sub":"latin;latin-ext"},"NTR":{"cat":"sans-serif","var":"regular","sub":"latin;telugu"},"Neucha":{"cat":"handwriting","var":"regular","sub":"latin;cyrillic"},"Neuton":{"cat":"serif","var":"200;300;regular;italic;700;800","sub":"latin;latin-ext"},"New Rocker":{"cat":"display","var":"regular","sub":"latin;latin-ext"},"News Cycle":{"cat":"sans-serif","var":"regular;700","sub":"latin;latin-ext"},"Niconne":{"cat":"handwriting","var":"regular","sub":"latin;latin-ext"},"Nixie One":{"cat":"display","var":"regular","sub":"latin"},"Nobile":{"cat":"sans-serif","var":"regular;italic;700;700italic","sub":"latin"},"Nokora":{"cat":"serif","var":"regular;700","sub":"khmer"},"Norican":{"cat":"handwriting","var":"regular","sub":"latin;latin-ext"},"Nosifer":{"cat":"display","var":"regular","sub":"latin;latin-ext"},"Nothing You Could Do":{"cat":"handwriting","var":"regular","sub":"latin"},"Noticia Text":{"cat":"serif","var":"regular;italic;700;700italic","sub":"latin;vietnamese;latin-ext"},"Noto Sans":{"cat":"sans-serif","var":"regular;italic;700;700italic","sub":"latin;vietnamese;greek-ext;devanagari;cyrillic-ext;greek;latin-ext;cyrillic"},"Noto Serif":{"cat":"serif","var":"regular;italic;700;700italic","sub":"latin;vietnamese;greek-ext;cyrillic-ext;greek;latin-ext;cyrillic"},"Nova Cut":{"cat":"display","var":"regular","sub":"latin"},"Nova Flat":{"cat":"display","var":"regular","sub":"latin"},"Nova Mono":{"cat":"monospace","var":"regular","sub":"latin;greek"},"Nova Oval":{"cat":"display","var":"regular","sub":"latin"},"Nova Round":{"cat":"display","var":"regular","sub":"latin"},"Nova Script":{"cat":"display","var":"regular","sub":"latin"},"Nova Slim":{"cat":"display","var":"regular","sub":"latin"},"Nova Square":{"cat":"display","var":"regular","sub":"latin"},"Numans":{"cat":"sans-serif","var":"regular","sub":"latin"},"Nunito":{"cat":"sans-serif","var":"300;regular;700","sub":"latin"},"Odor Mean Chey":{"cat":"display","var":"regular","sub":"khmer"},"Offside":{"cat":"display","var":"regular","sub":"latin"},"Old Standard TT":{"cat":"serif","var":"regular;italic;700","sub":"latin"},"Oldenburg":{"cat":"display","var":"regular","sub":"latin;latin-ext"},"Oleo Script":{"cat":"display","var":"regular;700","sub":"latin;latin-ext"},"Oleo Script Swash Caps":{"cat":"display","var":"regular;700","sub":"latin;latin-ext"},"Open Sans":{"cat":"sans-serif","var":"300;300italic;regular;italic;600;600italic;700;700italic;800;800italic","sub":"latin;vietnamese;greek-ext;cyrillic-ext;greek;latin-ext;cyrillic"},"Open Sans Condensed":{"cat":"sans-serif","var":"300;300italic;700","sub":"latin;vietnamese;greek-ext;cyrillic-ext;greek;latin-ext;cyrillic"},"Oranienbaum":{"cat":"serif","var":"regular","sub":"latin;cyrillic-ext;latin-ext;cyrillic"},"Orbitron":{"cat":"sans-serif","var":"regular;500;700;900","sub":"latin"},"Oregano":{"cat":"display","var":"regular;italic","sub":"latin;latin-ext"},"Orienta":{"cat":"sans-serif","var":"regular","sub":"latin;latin-ext"},"Original Surfer":{"cat":"display","var":"regular","sub":"latin"},"Oswald":{"cat":"sans-serif","var":"300;regular;700","sub":"latin;latin-ext"},"Over the Rainbow":{"cat":"handwriting","var":"regular","sub":"latin"},"Overlock":{"cat":"display","var":"regular;italic;700;700italic;900;900italic","sub":"latin;latin-ext"},"Overlock SC":{"cat":"display","var":"regular","sub":"latin;latin-ext"},"Ovo":{"cat":"serif","var":"regular","sub":"latin"},"Oxygen":{"cat":"sans-serif","var":"300;regular;700","sub":"latin;latin-ext"},"Oxygen Mono":{"cat":"monospace","var":"regular","sub":"latin;latin-ext"},"PT Mono":{"cat":"monospace","var":"regular","sub":"latin;cyrillic-ext;latin-ext;cyrillic"},"PT Sans":{"cat":"sans-serif","var":"regular;italic;700;700italic","sub":"latin;cyrillic-ext;latin-ext;cyrillic"},"PT Sans Caption":{"cat":"sans-serif","var":"regular;700","sub":"latin;cyrillic-ext;latin-ext;cyrillic"},"PT Sans Narrow":{"cat":"sans-serif","var":"regular;700","sub":"latin;cyrillic-ext;latin-ext;cyrillic"},"PT Serif":{"cat":"serif","var":"regular;italic;700;700italic","sub":"latin;cyrillic-ext;latin-ext;cyrillic"},"PT Serif Caption":{"cat":"serif","var":"regular;italic","sub":"latin;cyrillic-ext;latin-ext;cyrillic"},"Pacifico":{"cat":"handwriting","var":"regular","sub":"latin"},"Palanquin":{"cat":"sans-serif","var":"100;200;300;regular;500;600;700","sub":"latin;devanagari;latin-ext"},"Palanquin Dark":{"cat":"sans-serif","var":"regular;500;600;700","sub":"latin;devanagari;latin-ext"},"Paprika":{"cat":"display","var":"regular","sub":"latin"},"Parisienne":{"cat":"handwriting","var":"regular","sub":"latin;latin-ext"},"Passero One":{"cat":"display","var":"regular","sub":"latin;latin-ext"},"Passion One":{"cat":"display","var":"regular;700;900","sub":"latin;latin-ext"},"Pathway Gothic One":{"cat":"sans-serif","var":"regular","sub":"latin;latin-ext"},"Patrick Hand":{"cat":"handwriting","var":"regular","sub":"latin;vietnamese;latin-ext"},"Patrick Hand SC":{"cat":"handwriting","var":"regular","sub":"latin;vietnamese;latin-ext"},"Patua One":{"cat":"display","var":"regular","sub":"latin"},"Paytone One":{"cat":"sans-serif","var":"regular","sub":"latin"},"Peddana":{"cat":"serif","var":"regular","sub":"latin;telugu"},"Peralta":{"cat":"display","var":"regular","sub":"latin;latin-ext"},"Permanent Marker":{"cat":"handwriting","var":"regular","sub":"latin"},"Petit Formal Script":{"cat":"handwriting","var":"regular","sub":"latin;latin-ext"},"Petrona":{"cat":"serif","var":"regular","sub":"latin"},"Philosopher":{"cat":"sans-serif","var":"regular;italic;700;700italic","sub":"latin;cyrillic"},"Piedra":{"cat":"display","var":"regular","sub":"latin;latin-ext"},"Pinyon Script":{"cat":"handwriting","var":"regular","sub":"latin"},"Pirata One":{"cat":"display","var":"regular","sub":"latin;latin-ext"},"Plaster":{"cat":"display","var":"regular","sub":"latin;latin-ext"},"Play":{"cat":"sans-serif","var":"regular;700","sub":"latin;cyrillic-ext;greek;latin-ext;cyrillic"},"Playball":{"cat":"display","var":"regular","sub":"latin;latin-ext"},"Playfair Display":{"cat":"serif","var":"regular;italic;700;700italic;900;900italic","sub":"latin;latin-ext;cyrillic"},"Playfair Display SC":{"cat":"serif","var":"regular;italic;700;700italic;900;900italic","sub":"latin;latin-ext;cyrillic"},"Podkova":{"cat":"serif","var":"regular;700","sub":"latin"},"Poiret One":{"cat":"display","var":"regular","sub":"latin;latin-ext;cyrillic"},"Poller One":{"cat":"display","var":"regular","sub":"latin"},"Poly":{"cat":"serif","var":"regular;italic","sub":"latin"},"Pompiere":{"cat":"display","var":"regular","sub":"latin"},"Pontano Sans":{"cat":"sans-serif","var":"regular","sub":"latin;latin-ext"},"Poppins":{"cat":"sans-serif","var":"300;regular;500;600;700","sub":"latin;devanagari;latin-ext"},"Port Lligat Sans":{"cat":"sans-serif","var":"regular","sub":"latin"},"Port Lligat Slab":{"cat":"serif","var":"regular","sub":"latin"},"Pragati Narrow":{"cat":"sans-serif","var":"regular;700","sub":"latin;devanagari;latin-ext"},"Prata":{"cat":"serif","var":"regular","sub":"latin"},"Preahvihear":{"cat":"display","var":"regular","sub":"khmer"},"Press Start 2P":{"cat":"display","var":"regular","sub":"latin;greek;latin-ext;cyrillic"},"Princess Sofia":{"cat":"handwriting","var":"regular","sub":"latin;latin-ext"},"Prociono":{"cat":"serif","var":"regular","sub":"latin"},"Prosto One":{"cat":"display","var":"regular","sub":"latin;latin-ext;cyrillic"},"Puritan":{"cat":"sans-serif","var":"regular;italic;700;700italic","sub":"latin"},"Purple Purse":{"cat":"display","var":"regular","sub":"latin;latin-ext"},"Quando":{"cat":"serif","var":"regular","sub":"latin;latin-ext"},"Quantico":{"cat":"sans-serif","var":"regular;italic;700;700italic","sub":"latin"},"Quattrocento":{"cat":"serif","var":"regular;700","sub":"latin;latin-ext"},"Quattrocento Sans":{"cat":"sans-serif","var":"regular;italic;700;700italic","sub":"latin;latin-ext"},"Questrial":{"cat":"sans-serif","var":"regular","sub":"latin"},"Quicksand":{"cat":"sans-serif","var":"300;regular;700","sub":"latin"},"Quintessential":{"cat":"handwriting","var":"regular","sub":"latin;latin-ext"},"Qwigley":{"cat":"handwriting","var":"regular","sub":"latin;latin-ext"},"Racing Sans One":{"cat":"display","var":"regular","sub":"latin;latin-ext"},"Radley":{"cat":"serif","var":"regular;italic","sub":"latin;latin-ext"},"Rajdhani":{"cat":"sans-serif","var":"300;regular;500;600;700","sub":"latin;devanagari;latin-ext"},"Raleway":{"cat":"sans-serif","var":"100;200;300;regular;500;600;700;800;900","sub":"latin"},"Raleway Dots":{"cat":"display","var":"regular","sub":"latin;latin-ext"},"Ramabhadra":{"cat":"sans-serif","var":"regular","sub":"latin;telugu"},"Ramaraja":{"cat":"serif","var":"regular","sub":"latin;telugu"},"Rambla":{"cat":"sans-serif","var":"regular;italic;700;700italic","sub":"latin;latin-ext"},"Rammetto One":{"cat":"display","var":"regular","sub":"latin;latin-ext"},"Ranchers":{"cat":"display","var":"regular","sub":"latin;latin-ext"},"Rancho":{"cat":"handwriting","var":"regular","sub":"latin"},"Ranga":{"cat":"display","var":"regular;700","sub":"latin;devanagari;latin-ext"},"Rationale":{"cat":"sans-serif","var":"regular","sub":"latin"},"Ravi Prakash":{"cat":"display","var":"regular","sub":"latin;telugu"},"Redressed":{"cat":"handwriting","var":"regular","sub":"latin"},"Reenie Beanie":{"cat":"handwriting","var":"regular","sub":"latin"},"Revalia":{"cat":"display","var":"regular","sub":"latin;latin-ext"},"Rhodium Libre":{"cat":"serif","var":"regular","sub":"latin;devanagari;latin-ext"},"Ribeye":{"cat":"display","var":"regular","sub":"latin;latin-ext"},"Ribeye Marrow":{"cat":"display","var":"regular","sub":"latin;latin-ext"},"Righteous":{"cat":"display","var":"regular","sub":"latin;latin-ext"},"Risque":{"cat":"display","var":"regular","sub":"latin;latin-ext"},"Roboto":{"cat":"sans-serif","var":"100;100italic;300;300italic;regular;italic;500;500italic;700;700italic;900;900italic","sub":"latin;vietnamese;greek-ext;cyrillic-ext;greek;latin-ext;cyrillic"},"Roboto Condensed":{"cat":"sans-serif","var":"300;300italic;regular;italic;700;700italic","sub":"latin;vietnamese;greek-ext;cyrillic-ext;greek;latin-ext;cyrillic"},"Roboto Mono":{"cat":"monospace","var":"100;100italic;300;300italic;regular;italic;500;500italic;700;700italic","sub":"latin;vietnamese;greek-ext;cyrillic-ext;greek;latin-ext;cyrillic"},"Roboto Slab":{"cat":"serif","var":"100;300;regular;700","sub":"latin;vietnamese;greek-ext;cyrillic-ext;greek;latin-ext;cyrillic"},"Rochester":{"cat":"handwriting","var":"regular","sub":"latin"},"Rock Salt":{"cat":"handwriting","var":"regular","sub":"latin"},"Rokkitt":{"cat":"serif","var":"regular;700","sub":"latin"},"Romanesco":{"cat":"handwriting","var":"regular","sub":"latin;latin-ext"},"Ropa Sans":{"cat":"sans-serif","var":"regular;italic","sub":"latin;latin-ext"},"Rosario":{"cat":"sans-serif","var":"regular;italic;700;700italic","sub":"latin"},"Rosarivo":{"cat":"serif","var":"regular;italic","sub":"latin;latin-ext"},"Rouge Script":{"cat":"handwriting","var":"regular","sub":"latin"},"Rozha One":{"cat":"serif","var":"regular","sub":"latin;devanagari;latin-ext"},"Rubik":{"cat":"sans-serif","var":"300;300italic;regular;italic;500;500italic;700;700italic;900;900italic","sub":"latin;latin-ext;cyrillic"},"Rubik Mono One":{"cat":"sans-serif","var":"regular","sub":"latin;latin-ext;cyrillic"},"Rubik One":{"cat":"sans-serif","var":"regular","sub":"latin;latin-ext;cyrillic"},"Ruda":{"cat":"sans-serif","var":"regular;700;900","sub":"latin;latin-ext"},"Rufina":{"cat":"serif","var":"regular;700","sub":"latin;latin-ext"},"Ruge Boogie":{"cat":"handwriting","var":"regular","sub":"latin;latin-ext"},"Ruluko":{"cat":"sans-serif","var":"regular","sub":"latin;latin-ext"},"Rum Raisin":{"cat":"sans-serif","var":"regular","sub":"latin;latin-ext"},"Ruslan Display":{"cat":"display","var":"regular","sub":"latin;latin-ext;cyrillic"},"Russo One":{"cat":"sans-serif","var":"regular","sub":"latin;latin-ext;cyrillic"},"Ruthie":{"cat":"handwriting","var":"regular","sub":"latin;latin-ext"},"Rye":{"cat":"display","var":"regular","sub":"latin;latin-ext"},"Sacramento":{"cat":"handwriting","var":"regular","sub":"latin;latin-ext"},"Sahitya":{"cat":"serif","var":"regular;700","sub":"latin;devanagari"},"Sail":{"cat":"display","var":"regular","sub":"latin"},"Salsa":{"cat":"display","var":"regular","sub":"latin"},"Sanchez":{"cat":"serif","var":"regular;italic","sub":"latin;latin-ext"},"Sancreek":{"cat":"display","var":"regular","sub":"latin;latin-ext"},"Sansita One":{"cat":"display","var":"regular","sub":"latin"},"Sarala":{"cat":"sans-serif","var":"regular;700","sub":"latin;devanagari;latin-ext"},"Sarina":{"cat":"display","var":"regular","sub":"latin;latin-ext"},"Sarpanch":{"cat":"sans-serif","var":"regular;500;600;700;800;900","sub":"latin;devanagari;latin-ext"},"Satisfy":{"cat":"handwriting","var":"regular","sub":"latin"},"Scada":{"cat":"sans-serif","var":"regular;italic;700;700italic","sub":"latin;latin-ext;cyrillic"},"Scheherazade":{"cat":"serif","var":"regular;700","sub":"latin;arabic"},"Schoolbell":{"cat":"handwriting","var":"regular","sub":"latin"},"Seaweed Script":{"cat":"display","var":"regular","sub":"latin;latin-ext"},"Sevillana":{"cat":"display","var":"regular","sub":"latin;latin-ext"},"Seymour One":{"cat":"sans-serif","var":"regular","sub":"latin;latin-ext;cyrillic"},"Shadows Into Light":{"cat":"handwriting","var":"regular","sub":"latin"},"Shadows Into Light Two":{"cat":"handwriting","var":"regular","sub":"latin;latin-ext"},"Shanti":{"cat":"sans-serif","var":"regular","sub":"latin"},"Share":{"cat":"display","var":"regular;italic;700;700italic","sub":"latin;latin-ext"},"Share Tech":{"cat":"sans-serif","var":"regular","sub":"latin"},"Share Tech Mono":{"cat":"monospace","var":"regular","sub":"latin"},"Shojumaru":{"cat":"display","var":"regular","sub":"latin;latin-ext"},"Short Stack":{"cat":"handwriting","var":"regular","sub":"latin"},"Siemreap":{"cat":"display","var":"regular","sub":"khmer"},"Sigmar One":{"cat":"display","var":"regular","sub":"latin"},"Signika":{"cat":"sans-serif","var":"300;regular;600;700","sub":"latin;latin-ext"},"Signika Negative":{"cat":"sans-serif","var":"300;regular;600;700","sub":"latin;latin-ext"},"Simonetta":{"cat":"display","var":"regular;italic;900;900italic","sub":"latin;latin-ext"},"Sintony":{"cat":"sans-serif","var":"regular;700","sub":"latin;latin-ext"},"Sirin Stencil":{"cat":"display","var":"regular","sub":"latin"},"Six Caps":{"cat":"sans-serif","var":"regular","sub":"latin"},"Skranji":{"cat":"display","var":"regular;700","sub":"latin;latin-ext"},"Slabo 13px":{"cat":"serif","var":"regular","sub":"latin;latin-ext"},"Slabo 27px":{"cat":"serif","var":"regular","sub":"latin;latin-ext"},"Slackey":{"cat":"display","var":"regular","sub":"latin"},"Smokum":{"cat":"display","var":"regular","sub":"latin"},"Smythe":{"cat":"display","var":"regular","sub":"latin"},"Sniglet":{"cat":"display","var":"regular;800","sub":"latin;latin-ext"},"Snippet":{"cat":"sans-serif","var":"regular","sub":"latin"},"Snowburst One":{"cat":"display","var":"regular","sub":"latin;latin-ext"},"Sofadi One":{"cat":"display","var":"regular","sub":"latin"},"Sofia":{"cat":"handwriting","var":"regular","sub":"latin"},"Sonsie One":{"cat":"display","var":"regular","sub":"latin;latin-ext"},"Sorts Mill Goudy":{"cat":"serif","var":"regular;italic","sub":"latin;latin-ext"},"Source Code Pro":{"cat":"monospace","var":"200;300;regular;500;600;700;900","sub":"latin;latin-ext"},"Source Sans Pro":{"cat":"sans-serif","var":"200;200italic;300;300italic;regular;italic;600;600italic;700;700italic;900;900italic","sub":"latin;vietnamese;latin-ext"},"Source Serif Pro":{"cat":"serif","var":"regular;600;700","sub":"latin;latin-ext"},"Special Elite":{"cat":"display","var":"regular","sub":"latin"},"Spicy Rice":{"cat":"display","var":"regular","sub":"latin"},"Spinnaker":{"cat":"sans-serif","var":"regular","sub":"latin;latin-ext"},"Spirax":{"cat":"display","var":"regular","sub":"latin"},"Squada One":{"cat":"display","var":"regular","sub":"latin"},"Sree Krushnadevaraya":{"cat":"serif","var":"regular","sub":"latin;telugu"},"Stalemate":{"cat":"handwriting","var":"regular","sub":"latin;latin-ext"},"Stalinist One":{"cat":"display","var":"regular","sub":"latin;latin-ext;cyrillic"},"Stardos Stencil":{"cat":"display","var":"regular;700","sub":"latin"},"Stint Ultra Condensed":{"cat":"display","var":"regular","sub":"latin;latin-ext"},"Stint Ultra Expanded":{"cat":"display","var":"regular","sub":"latin;latin-ext"},"Stoke":{"cat":"serif","var":"300;regular","sub":"latin;latin-ext"},"Strait":{"cat":"sans-serif","var":"regular","sub":"latin"},"Sue Ellen Francisco":{"cat":"handwriting","var":"regular","sub":"latin"},"Sumana":{"cat":"serif","var":"regular;700","sub":"latin;devanagari;latin-ext"},"Sunshiney":{"cat":"handwriting","var":"regular","sub":"latin"},"Supermercado One":{"cat":"display","var":"regular","sub":"latin"},"Sura":{"cat":"serif","var":"regular;700","sub":"latin;devanagari;latin-ext"},"Suranna":{"cat":"serif","var":"regular","sub":"latin;telugu"},"Suravaram":{"cat":"serif","var":"regular","sub":"latin;telugu"},"Suwannaphum":{"cat":"display","var":"regular","sub":"khmer"},"Swanky and Moo Moo":{"cat":"handwriting","var":"regular","sub":"latin"},"Syncopate":{"cat":"sans-serif","var":"regular;700","sub":"latin"},"Tangerine":{"cat":"handwriting","var":"regular;700","sub":"latin"},"Taprom":{"cat":"display","var":"regular","sub":"khmer"},"Tauri":{"cat":"sans-serif","var":"regular","sub":"latin;latin-ext"},"Teko":{"cat":"sans-serif","var":"300;regular;500;600;700","sub":"latin;devanagari;latin-ext"},"Telex":{"cat":"sans-serif","var":"regular","sub":"latin"},"Tenali Ramakrishna":{"cat":"sans-serif","var":"regular","sub":"latin;telugu"},"Tenor Sans":{"cat":"sans-serif","var":"regular","sub":"latin;latin-ext;cyrillic"},"Text Me One":{"cat":"sans-serif","var":"regular","sub":"latin;latin-ext"},"The Girl Next Door":{"cat":"handwriting","var":"regular","sub":"latin"},"Tienne":{"cat":"serif","var":"regular;700;900","sub":"latin"},"Tillana":{"cat":"handwriting","var":"regular;500;600;700;800","sub":"latin;devanagari;latin-ext"},"Timmana":{"cat":"sans-serif","var":"regular","sub":"latin;telugu"},"Tinos":{"cat":"serif","var":"regular;italic;700;700italic","sub":"latin;vietnamese;greek-ext;cyrillic-ext;greek;latin-ext;hebrew;cyrillic"},"Titan One":{"cat":"display","var":"regular","sub":"latin;latin-ext"},"Titillium Web":{"cat":"sans-serif","var":"200;200italic;300;300italic;regular;italic;600;600italic;700;700italic;900","sub":"latin;latin-ext"},"Trade Winds":{"cat":"display","var":"regular","sub":"latin"},"Trocchi":{"cat":"serif","var":"regular","sub":"latin;latin-ext"},"Trochut":{"cat":"display","var":"regular;italic;700","sub":"latin"},"Trykker":{"cat":"serif","var":"regular","sub":"latin;latin-ext"},"Tulpen One":{"cat":"display","var":"regular","sub":"latin"},"Ubuntu":{"cat":"sans-serif","var":"300;300italic;regular;italic;500;500italic;700;700italic","sub":"latin;greek-ext;cyrillic-ext;greek;latin-ext;cyrillic"},"Ubuntu Condensed":{"cat":"sans-serif","var":"regular","sub":"latin;greek-ext;cyrillic-ext;greek;latin-ext;cyrillic"},"Ubuntu Mono":{"cat":"monospace","var":"regular;italic;700;700italic","sub":"latin;greek-ext;cyrillic-ext;greek;latin-ext;cyrillic"},"Ultra":{"cat":"serif","var":"regular","sub":"latin"},"Uncial Antiqua":{"cat":"display","var":"regular","sub":"latin"},"Underdog":{"cat":"display","var":"regular","sub":"latin;latin-ext;cyrillic"},"Unica One":{"cat":"display","var":"regular","sub":"latin;latin-ext"},"UnifrakturCook":{"cat":"display","var":"700","sub":"latin"},"UnifrakturMaguntia":{"cat":"display","var":"regular","sub":"latin"},"Unkempt":{"cat":"display","var":"regular;700","sub":"latin"},"Unlock":{"cat":"display","var":"regular","sub":"latin"},"Unna":{"cat":"serif","var":"regular","sub":"latin"},"VT323":{"cat":"monospace","var":"regular","sub":"latin"},"Vampiro One":{"cat":"display","var":"regular","sub":"latin;latin-ext"},"Varela":{"cat":"sans-serif","var":"regular","sub":"latin;latin-ext"},"Varela Round":{"cat":"sans-serif","var":"regular","sub":"latin"},"Vast Shadow":{"cat":"display","var":"regular","sub":"latin"},"Vesper Libre":{"cat":"serif","var":"regular;500;700;900","sub":"latin;devanagari;latin-ext"},"Vibur":{"cat":"handwriting","var":"regular","sub":"latin"},"Vidaloka":{"cat":"serif","var":"regular","sub":"latin"},"Viga":{"cat":"sans-serif","var":"regular","sub":"latin;latin-ext"},"Voces":{"cat":"display","var":"regular","sub":"latin;latin-ext"},"Volkhov":{"cat":"serif","var":"regular;italic;700;700italic","sub":"latin"},"Vollkorn":{"cat":"serif","var":"regular;italic;700;700italic","sub":"latin"},"Voltaire":{"cat":"sans-serif","var":"regular","sub":"latin"},"Waiting for the Sunrise":{"cat":"handwriting","var":"regular","sub":"latin"},"Wallpoet":{"cat":"display","var":"regular","sub":"latin"},"Walter Turncoat":{"cat":"handwriting","var":"regular","sub":"latin"},"Warnes":{"cat":"display","var":"regular","sub":"latin;latin-ext"},"Wellfleet":{"cat":"display","var":"regular","sub":"latin;latin-ext"},"Wendy One":{"cat":"sans-serif","var":"regular","sub":"latin;latin-ext"},"Wire One":{"cat":"sans-serif","var":"regular","sub":"latin"},"Work Sans":{"cat":"sans-serif","var":"100;200;300;regular;500;600;700;800;900","sub":"latin;latin-ext"},"Yanone Kaffeesatz":{"cat":"sans-serif","var":"200;300;regular;700","sub":"latin;latin-ext"},"Yantramanav":{"cat":"sans-serif","var":"100;300;regular;500;700;900","sub":"latin;devanagari;latin-ext"},"Yellowtail":{"cat":"handwriting","var":"regular","sub":"latin"},"Yeseva One":{"cat":"display","var":"regular","sub":"latin;latin-ext;cyrillic"},"Yesteryear":{"cat":"handwriting","var":"regular","sub":"latin"},"Zeyada":{"cat":"handwriting","var":"regular","sub":"latin"}}